model,type,precision,recall,f1,pr_auc,roc_auc,graph_mae,load_mae,pr_auc_ci_lower,pr_auc_ci_upper
hybrid,neural,0.9275272161741835,0.861849710982659,0.8934831460674157,0.9714247753028254,0.9888783486400047,0.07207571218267737,0.12541450048876415,0.9657950469967669,0.9754479693266185
gnn,neural,0.9187878787878788,0.8763005780346821,0.8970414201183432,0.9681107163442988,0.9864567647662922,0.10446203150302516,0.1463548637565234,0.9626768003705317,0.9727162568226587
failed_neighbor,heuristic,0.6281969985203973,0.8589595375722543,0.7256745208155292,0.722546440195628,0.9041038115078783,0.11862795905453725,0.3373737931492422,,
mlp,neural,0.5828863968795709,0.6910404624277456,0.6323723882570749,0.6883807235786138,0.8351708870044893,0.11296461691636825,0.44009846881726716,0.6559558319038205,0.7162517475070768
load_ratio,heuristic,0.46095291795883847,0.4725433526011561,0.4666761809618952,0.47866246890104647,0.6935072180980605,0.11862795905453725,0.3373737931492422,,
degree,heuristic,0.2667173894665652,0.911849710982659,0.412715023873373,0.2892621985694316,0.5478551392271354,0.11862795905453725,0.3373737931492422,,
persistence,heuristic,0.0,0.0,0.0,0.2599549211119459,0.5,0.11862795905453725,0.3373737931492422,,
empirical_rate,heuristic,0.2599549211119459,1.0,0.41264162194394755,0.2599549211119459,0.5,0.11862795905453725,0.3373737931492422,,
