{
  "persistence": {
    "model": "persistence",
    "threshold": 0.01,
    "prevalence": 0.2599549211119459,
    "precision": 0.0,
    "recall": 0.0,
    "f1": 0.0,
    "roc_auc": 0.5,
    "pr_auc": 0.2599549211119459,
    "graph_mae": 0.11862795905453725,
    "graph_rmse": 0.2388862883123374,
    "load_mae": 0.3373737931492422,
    "load_rmse": 0.6985685125797291
  },
  "load_ratio": {
    "model": "load_ratio",
    "threshold": 0.42000000000000004,
    "prevalence": 0.2599549211119459,
    "precision": 0.46095291795883847,
    "recall": 0.4725433526011561,
    "f1": 0.4666761809618952,
    "roc_auc": 0.6935072180980605,
    "pr_auc": 0.47866246890104647,
    "graph_mae": 0.11862795905453725,
    "graph_rmse": 0.2388862883123374,
    "load_mae": 0.3373737931492422,
    "load_rmse": 0.6985685125797291
  },
  "failed_neighbor": {
    "model": "failed_neighbor",
    "threshold": 0.17,
    "prevalence": 0.2599549211119459,
    "precision": 0.6281969985203973,
    "recall": 0.8589595375722543,
    "f1": 0.7256745208155292,
    "roc_auc": 0.9041038115078783,
    "pr_auc": 0.722546440195628,
    "graph_mae": 0.11862795905453725,
    "graph_rmse": 0.2388862883123374,
    "load_mae": 0.3373737931492422,
    "load_rmse": 0.6985685125797291
  },
  "degree": {
    "model": "degree",
    "threshold": 0.16,
    "prevalence": 0.2599549211119459,
    "precision": 0.2667173894665652,
    "recall": 0.911849710982659,
    "f1": 0.412715023873373,
    "roc_auc": 0.5478551392271354,
    "pr_auc": 0.2892621985694316,
    "graph_mae": 0.11862795905453725,
    "graph_rmse": 0.2388862883123374,
    "load_mae": 0.3373737931492422,
    "load_rmse": 0.6985685125797291
  },
  "empirical_rate": {
    "model": "empirical_rate",
    "threshold": 0.01,
    "prevalence": 0.2599549211119459,
    "precision": 0.2599549211119459,
    "recall": 1.0,
    "f1": 0.41264162194394755,
    "roc_auc": 0.5,
    "pr_auc": 0.2599549211119459,
    "graph_mae": 0.11862795905453725,
    "graph_rmse": 0.2388862883123374,
    "load_mae": 0.3373737931492422,
    "load_rmse": 0.6985685125797291
  }
}