{
  "persistence": {
    "model": "persistence",
    "threshold": 0.01,
    "prevalence": 0.21467875687824536,
    "precision": 0.0,
    "recall": 0.0,
    "f1": 0.0,
    "roc_auc": 0.5,
    "pr_auc": 0.21467875687824536,
    "graph_mae": 0.19807441611835166,
    "graph_rmse": 0.3068942129549618,
    "load_mae": 0.2787086071099265,
    "load_rmse": 0.6035958863061531
  },
  "load_ratio": {
    "model": "load_ratio",
    "threshold": 0.42000000000000004,
    "prevalence": 0.21467875687824536,
    "precision": 0.4066780821917808,
    "recall": 0.5144404332129964,
    "f1": 0.45425565827223463,
    "roc_auc": 0.7080653660111135,
    "pr_auc": 0.4379920557587904,
    "graph_mae": 0.19807441611835166,
    "graph_rmse": 0.3068942129549618,
    "load_mae": 0.2787086071099265,
    "load_rmse": 0.6035958863061531
  },
  "failed_neighbor": {
    "model": "failed_neighbor",
    "threshold": 0.21000000000000002,
    "prevalence": 0.21467875687824536,
    "precision": 0.5754132231404959,
    "recall": 0.8043321299638989,
    "f1": 0.6708822643781993,
    "roc_auc": 0.8988289325971794,
    "pr_auc": 0.6651343649910683,
    "graph_mae": 0.19807441611835166,
    "graph_rmse": 0.3068942129549618,
    "load_mae": 0.2787086071099265,
    "load_rmse": 0.6035958863061531
  },
  "degree": {
    "model": "degree",
    "threshold": 0.19,
    "prevalence": 0.21467875687824536,
    "precision": 0.22415870955780107,
    "recall": 0.8729241877256317,
    "f1": 0.3567160876300066,
    "roc_auc": 0.5367833803197261,
    "pr_auc": 0.23456113946565924,
    "graph_mae": 0.19807441611835166,
    "graph_rmse": 0.3068942129549618,
    "load_mae": 0.2787086071099265,
    "load_rmse": 0.6035958863061531
  },
  "empirical_rate": {
    "model": "empirical_rate",
    "threshold": 0.01,
    "prevalence": 0.21467875687824536,
    "precision": 0.21467875687824536,
    "recall": 1.0,
    "f1": 0.35347412748038026,
    "roc_auc": 0.5,
    "pr_auc": 0.21467875687824536,
    "graph_mae": 0.19807441611835166,
    "graph_rmse": 0.3068942129549618,
    "load_mae": 0.2787086071099265,
    "load_rmse": 0.6035958863061531
  }
}