{
  "model": "gnn",
  "validation_pr_auc": 0.963665480498133,
  "threshold": 0.61,
  "prevalence": 0.2599549211119459,
  "accuracy": 0.9477084898572502,
  "precision": 0.9187878787878788,
  "recall": 0.8763005780346821,
  "f1": 0.8970414201183432,
  "roc_auc": 0.9864567647662922,
  "pr_auc": 0.9681107163442988,
  "graph_mae": 0.10446203150302516,
  "graph_rmse": 0.19426249109416538,
  "load_mae": 0.1463548637565234,
  "load_rmse": 0.25503243760474387,
  "bootstrap_95_ci": {
    "f1": {
      "lower": 0.8845330004969849,
      "upper": 0.9072070892959152
    },
    "pr_auc": {
      "lower": 0.9626768003705317,
      "upper": 0.9727162568226587
    }
  },
  "by_family": {
    "ws": {
      "independent_graphs": 45,
      "active_nodes": 4375,
      "new_failures": 1143,
      "precision": 0.9304511278195489,
      "recall": 0.8661417322834646,
      "f1": 0.8971454463072044,
      "pr_auc": 0.9697589758262124
    },
    "er": {
      "independent_graphs": 44,
      "active_nodes": 4421,
      "new_failures": 1181,
      "precision": 0.9326241134751773,
      "recall": 0.890770533446232,
      "f1": 0.9112169770463404,
      "pr_auc": 0.9756769422787759
    },
    "ba": {
      "independent_graphs": 46,
      "active_nodes": 4514,
      "new_failures": 1136,
      "precision": 0.8935018050541517,
      "recall": 0.8714788732394366,
      "f1": 0.8823529411764706,
      "pr_auc": 0.9580641334580942
    }
  },
  "by_regime": {
    "long_range": {
      "independent_graphs": 67,
      "active_nodes": 6472,
      "new_failures": 1875,
      "precision": 0.9384993849938499,
      "recall": 0.8138666666666666,
      "f1": 0.8717509283061983,
      "pr_auc": 0.9615104802136782
    },
    "local": {
      "independent_graphs": 68,
      "active_nodes": 6838,
      "new_failures": 1585,
      "precision": 0.899641577060932,
      "recall": 0.9501577287066246,
      "f1": 0.92420988033139,
      "pr_auc": 0.9818854468425282
    }
  }
}