{
  "model": "gnn",
  "validation_pr_auc": 0.9515039191679376,
  "threshold": 0.66,
  "prevalence": 0.21467875687824536,
  "accuracy": 0.94915911028443,
  "precision": 0.8970698722764838,
  "recall": 0.8620938628158845,
  "f1": 0.8792341678939617,
  "roc_auc": 0.9845771812510933,
  "pr_auc": 0.9550044237649419,
  "graph_mae": 0.10274166564206812,
  "graph_rmse": 0.1956894330457516,
  "load_mae": 0.14842106017845594,
  "load_rmse": 0.26360445044296277,
  "bootstrap_95_ci": {
    "f1": {
      "lower": 0.8651861939632077,
      "upper": 0.8917560211563993
    },
    "pr_auc": {
      "lower": 0.9451252295063237,
      "upper": 0.9626191862074932
    }
  },
  "by_family": {
    "ws": {
      "independent_graphs": 45,
      "active_nodes": 4332,
      "new_failures": 863,
      "precision": 0.9054545454545454,
      "recall": 0.86558516801854,
      "f1": 0.8850710900473934,
      "pr_auc": 0.9578791504610005
    },
    "er": {
      "independent_graphs": 44,
      "active_nodes": 4260,
      "new_failures": 1007,
      "precision": 0.9137577002053389,
      "recall": 0.8838133068520357,
      "f1": 0.8985360928823827,
      "pr_auc": 0.9656186974827626
    },
    "ba": {
      "independent_graphs": 46,
      "active_nodes": 4311,
      "new_failures": 900,
      "precision": 0.8702201622247973,
      "recall": 0.8344444444444444,
      "f1": 0.8519568916619399,
      "pr_auc": 0.9379069580116931
    }
  },
  "by_regime": {
    "long_range": {
      "independent_graphs": 67,
      "active_nodes": 6065,
      "new_failures": 1185,
      "precision": 0.8598726114649682,
      "recall": 0.7974683544303798,
      "f1": 0.8274956217162872,
      "pr_auc": 0.9197839177067303
    },
    "local": {
      "independent_graphs": 68,
      "active_nodes": 6838,
      "new_failures": 1585,
      "precision": 0.9232245681381958,
      "recall": 0.910410094637224,
      "f1": 0.9167725540025413,
      "pr_auc": 0.9767274205364351
    }
  }
}