{
  "model": "hybrid",
  "validation_pr_auc": 0.9558017325803447,
  "threshold": 0.68,
  "prevalence": 0.21467875687824536,
  "accuracy": 0.9467565682399443,
  "precision": 0.8726296958855099,
  "recall": 0.8805054151624548,
  "f1": 0.8765498652291105,
  "roc_auc": 0.9863923535390855,
  "pr_auc": 0.9594686351018122,
  "graph_mae": 0.09210976016128179,
  "graph_rmse": 0.20836839148281536,
  "load_mae": 0.13478899284403492,
  "load_rmse": 0.28864956299613836,
  "bootstrap_95_ci": {
    "f1": {
      "lower": 0.8605790208946844,
      "upper": 0.8908919181195362
    },
    "pr_auc": {
      "lower": 0.9501465934942425,
      "upper": 0.9667115525269628
    }
  },
  "by_family": {
    "ws": {
      "independent_graphs": 45,
      "active_nodes": 4332,
      "new_failures": 863,
      "precision": 0.8791714614499425,
      "recall": 0.8852838933951332,
      "f1": 0.8822170900692841,
      "pr_auc": 0.9610842417811745
    },
    "er": {
      "independent_graphs": 44,
      "active_nodes": 4260,
      "new_failures": 1007,
      "precision": 0.8975124378109453,
      "recall": 0.8957298907646475,
      "f1": 0.8966202783300199,
      "pr_auc": 0.9709150357462473
    },
    "ba": {
      "independent_graphs": 46,
      "active_nodes": 4311,
      "new_failures": 900,
      "precision": 0.8393051031487514,
      "recall": 0.8588888888888889,
      "f1": 0.8489840746842394,
      "pr_auc": 0.9438335660850031
    }
  },
  "by_regime": {
    "long_range": {
      "independent_graphs": 67,
      "active_nodes": 6065,
      "new_failures": 1185,
      "precision": 0.8240819812126388,
      "recall": 0.8143459915611815,
      "f1": 0.8191850594227504,
      "pr_auc": 0.9220803260032024
    },
    "local": {
      "independent_graphs": 68,
      "active_nodes": 6838,
      "new_failures": 1585,
      "precision": 0.9076354679802956,
      "recall": 0.929968454258675,
      "f1": 0.9186662511685884,
      "pr_auc": 0.981162038115939
    }
  }
}