{
  "model": "mlp",
  "validation_pr_auc": 0.6654278048548217,
  "threshold": 0.51,
  "prevalence": 0.2599549211119459,
  "accuracy": 0.7911344853493614,
  "precision": 0.5828863968795709,
  "recall": 0.6910404624277456,
  "f1": 0.6323723882570749,
  "roc_auc": 0.8351708870044893,
  "pr_auc": 0.6883807235786138,
  "graph_mae": 0.11296461691636825,
  "graph_rmse": 0.22567709990080928,
  "load_mae": 0.44009846881726716,
  "load_rmse": 0.669974695592386,
  "bootstrap_95_ci": {
    "f1": {
      "lower": 0.6129431751520917,
      "upper": 0.6478520553110112
    },
    "pr_auc": {
      "lower": 0.6559558319038205,
      "upper": 0.7162517475070768
    }
  },
  "by_family": {
    "ws": {
      "independent_graphs": 45,
      "active_nodes": 4375,
      "new_failures": 1143,
      "precision": 0.6108597285067874,
      "recall": 0.7086614173228346,
      "f1": 0.6561360874848117,
      "pr_auc": 0.7252609927731472
    },
    "er": {
      "independent_graphs": 44,
      "active_nodes": 4421,
      "new_failures": 1181,
      "precision": 0.5527045769764216,
      "recall": 0.6748518204911093,
      "f1": 0.6077011056042699,
      "pr_auc": 0.6424677713553337
    },
    "ba": {
      "independent_graphs": 46,
      "active_nodes": 4514,
      "new_failures": 1136,
      "precision": 0.5877061469265368,
      "recall": 0.6901408450704225,
      "f1": 0.6348178137651822,
      "pr_auc": 0.7060211898217496
    }
  },
  "by_regime": {
    "long_range": {
      "independent_graphs": 67,
      "active_nodes": 6472,
      "new_failures": 1875,
      "precision": 0.6855277475516867,
      "recall": 0.672,
      "f1": 0.6786964718556423,
      "pr_auc": 0.768919127888828
    },
    "local": {
      "independent_graphs": 68,
      "active_nodes": 6838,
      "new_failures": 1585,
      "precision": 0.4995583038869258,
      "recall": 0.7135646687697161,
      "f1": 0.5876851130163678,
      "pr_auc": 0.6297606545416758
    }
  }
}