{
  "model": "mlp",
  "validation_pr_auc": 0.5949627967095823,
  "threshold": 0.5800000000000001,
  "prevalence": 0.21467875687824536,
  "accuracy": 0.8175618073316283,
  "precision": 0.5711354309165527,
  "recall": 0.6028880866425993,
  "f1": 0.5865823674042853,
  "roc_auc": 0.8371111153072083,
  "pr_auc": 0.6367664448782254,
  "graph_mae": 0.17322803983018342,
  "graph_rmse": 0.31432440754970153,
  "load_mae": 0.3946471135071129,
  "load_rmse": 0.5984206600610178,
  "bootstrap_95_ci": {
    "f1": {
      "lower": 0.5645932546343493,
      "upper": 0.6054046658888784
    },
    "pr_auc": {
      "lower": 0.6014828838547919,
      "upper": 0.6661489757987566
    }
  },
  "by_family": {
    "ws": {
      "independent_graphs": 45,
      "active_nodes": 4332,
      "new_failures": 863,
      "precision": 0.6030624263839811,
      "recall": 0.593279258400927,
      "f1": 0.5981308411214953,
      "pr_auc": 0.6661573783267399
    },
    "er": {
      "independent_graphs": 44,
      "active_nodes": 4260,
      "new_failures": 1007,
      "precision": 0.5439068100358423,
      "recall": 0.602780536246276,
      "f1": 0.5718323127649553,
      "pr_auc": 0.6069748872143474
    },
    "ba": {
      "independent_graphs": 46,
      "active_nodes": 4311,
      "new_failures": 900,
      "precision": 0.5745568300312826,
      "recall": 0.6122222222222222,
      "f1": 0.5927918235610543,
      "pr_auc": 0.6548570762227441
    }
  },
  "by_regime": {
    "long_range": {
      "independent_graphs": 67,
      "active_nodes": 6065,
      "new_failures": 1185,
      "precision": 0.6054421768707483,
      "recall": 0.60084388185654,
      "f1": 0.6031342651418891,
      "pr_auc": 0.6688702541828959
    },
    "local": {
      "independent_graphs": 68,
      "active_nodes": 6838,
      "new_failures": 1585,
      "precision": 0.5480549199084668,
      "recall": 0.604416403785489,
      "f1": 0.5748574857485749,
      "pr_auc": 0.6176568861390159
    }
  }
}