risk_decile,mean_predicted_risk,observed_failure_rate,nodes
1,9.05787128926197e-06,0.0,1331
2,4.148706081928129e-05,0.0,1331
3,0.00016072879843019385,0.0,1331
4,0.0007033833812726439,0.0,1331
5,0.0035099022454540044,0.003005259203606311,1331
6,0.01601978953871118,0.011269722013523666,1331
7,0.09359931535926358,0.08865514650638617,1331
8,0.5175698196109186,0.5394440270473329,1331
9,0.956252429169088,0.9571750563486101,1331
10,0.9997705308455216,1.0,1331
